text,AC,ACP,label
We were seated and ignored by waitstaff.,service,negative,1
"Bottom line: B+ for the food, F for the service.",service,negative,1
"Also, the hostess called me today to thank us for coming and mentioned how she hoped that my girlfriend enjoyed her birthday - unexpected, but a truly above and beyond thing to do...",service,positive,3
"If you want a casual neighborhood bistro that has great food and excellent service, this is the place.",service,positive,3
"Granted the space is smaller than most, it is the best service you will find in even the largest of restaurants.",service,positive,3
The place is so cool and the service is prompt and curtious.,service,positive,3
"I am amazed by the poor reviews- I find this place to be standout Italian in an area flooded with Italian- great prices, great atmosphere, good service and a wonderful wine list.",service,positive,3
"It's super-trendy and there's always someone to take that empty seat, so it seems that customer service has been deemed not of the essence.",service,positive,3
I had to share my table with a loud group of kids and the service was rude an unattentive.,service,negative,1
The owner truly caters to all your needs.,service,positive,3
The service was the only thing good about this restaurant.,service,positive,3
I'd highly recommend it for a special occasion -- it provides and intimate setting and nice service.,service,positive,3
You get the sense that the people there care about their restaurant and about your experience and that is very nice.,service,positive,3
"The staff is excellent, specjal: that girl behind the bar, european chic.",service,positive,3
"I was in love with Pongsri on 48th, but compared to Suan it is slow in service and overpriced.",service,negative,1
The staff offers impeccable service.,service,positive,3
"The food was terrific and the service classy, attentive, without being overbearing.",service,positive,3
"Not only is the cuisine the best around, the service has always been attentive and charming.",service,positive,3
Stepped on my foot on the SECOND time he reached over me to adjust lighting.,service,negative,1
Patroon features a nice cigar bar and has great staff.,service,positive,3
"I have tried to make reservations, but both times, the hostess didn't have my name.",service,negative,1
Rao's has the best service and atmosphere in NYC.,service,positive,3
"They never brought us complimentary noodles, ignored repeated requests for sugar, and threw our dishes on the table.",service,negative,1
"They do cater to American palates, but if you like it hot let them know and they are more than willing to oblige!",service,positive,3
"The freshest, best variety, and the fastest delivery.",service,positive,3
Scalina Fedeli reminded me why service is so integral to fine dining.,service,positive,3
"The staff isn't the friendliest or most competent, and I am stickler for service, but everything else about this place makes up for it.",service,negative,1
Service is not what one would expect from a joint in this price category.,service,negative,1
"My co-workers had to wait almost an hour for delivery, only to discover that what they got was not what they ordered.",service,negative,1
"Disappointing food, lousy service.",service,negative,1
"sometimes i get bad food and bad service, sometimes i get good good and bad service.",service,negative,1
I've rarely had a problem with slow staff in the 10 years I've been going.,service,positive,3
I asked for an open faced cheese sandwich and the manager basically told me to take my business elsewhere!,service,negative,1
We've never had any problems with the staff but maybe we've been lucky?,service,positive,3
"in an effort to increase turnover, the restaurant offers no desserts beyond the complimentary espresso cup filled with chocolate mousse.",service,neutral,2
but the service was a bit slow.,service,negative,1
"The waiters are sweet, the food is tasty and the bill is never too large.",service,positive,3
The service was fast and friendly and the food was very tasty and they had the best hot sauce to add to your meals.,service,positive,3
We were then shooed inside.,service,negative,1
The service is ok but could be better.,service,negative,1
Decor is nice though service can be spotty.,service,positive,3
Service was slow had to wait to order and get food although not crowded.,service,negative,1
"The food was below average, the service was pathetic, there was no ambience at all.",service,negative,1
"The Halibut was too salty, dessert was so so (don't waste any of your calories) and service was poor.",service,negative,1
"Average to good Thai food, but terrible delivery.",service,negative,1
"However, in the summer of 2003, it seems the management has changed and the great big door has been replaced for a glass front ridding itself of the dark romantic getup.",service,neutral,2
They treated us well and the food was extremely fresh and well-prepared.,service,positive,3
"I went here with a friend on a whim, we went someplace else first and couldn't get a table.",service,negative,1
"The service is excellent, the decor is great, and the food is delicious and comes in large portions.",service,positive,3
"Well, their deliveries take for ever and the food is usually cold.",service,negative,1
"The man that was hosting promised to save a table for our party of 7, then sat a party of 2 at the very table he was saving (mean while there were boths open all around).",service,negative,1
"Our waiter was fine, the place looks nice in that not-trying-too-hard way, but at those prices, a little more should be expected of your food.",service,positive,3
The server was really cool and served us our food and drinks with a smile.,service,positive,3
There are other people waiting!,service,neutral,2
"Excellent atmosphere, delicious dishes good and friendly service.",service,positive,3
"Great food, great prices, great service.",service,positive,3
Service is top notch.,service,positive,3
"Authentic food and they have REAL service, not just the rush you get sometimes when they try to push you out the door.",service,positive,3
"Complimentary stuff kept coming, and when the waiter saw me opening a gift, I received my dessert on a plate that had Happy Birthday written on it, with a candlevery nice touch, and attentive staff.",service,positive,3
"The waitress, seems to be more concerned of looking good than actually waitressing.",service,negative,1
Murray won't do it.,service,negative,1
There is also very limited seating and there can be a substantial wait in getting food at peak times.,service,negative,1
"The food is great, service is ok.",service,neutral,2
"Best of all is the warm vibe, the owner is super friendly and service is fast.",service,positive,3
INCREDIBLY POOR SERVICE AN FOOD QUALITY AT EXORBITANT PRICES.,service,negative,1
"Immediately after we paid, the waiter took the money and said, okay, you guys are outta here.",service,negative,1
I had a huge group for my birthday and we were well taken care of.,service,positive,3
People are always friendly.,service,positive,3
We were seated outside and the waiter spilled red wine and hot tea on myself and my date.,service,negative,1
The staff is also attentive and friendly.,service,positive,3
"Friendly and informative staff, very attentive and prompt raw bar service.",service,positive,3
"The staff is accomodating, the ambiance is exciting and yet relaxed, and the food is out of this world!",service,positive,3
"still stay away, the table next to us walked out after my table and aanother were serves eventhough they were there much longer...",service,negative,1
"They're also friendlier here, especially the owner, Kenny.",service,positive,3
"The well mannered, pleasant staff that Tony has in his employ.",service,positive,3
As soon as my father lifted his pen from the check a chef appeared to usher us out.,service,negative,1
Service was good and food is wonderful.,service,positive,3
"In fact, it appears he is going to go postal at any moment.",service,negative,1
The service is good and ambience is good for a date or group outing.,service,positive,3
"Nothing against a good sales call, but the tactics at Amma are just too obvious.",service,negative,1
Service was also horrible and the ambience is not that great.,service,negative,1
"After being told that our party of three would be seated in 10 minutes and watching other parties (multiples of 2 and higher) seated for 40 minutes, the three of us were squished into a small 2-person table.",service,negative,1
We had the most wonderful waitress.,service,positive,3
I've never had bad service and the fish is fresh and delicious.,service,positive,3
Great staff.,service,positive,3
"But they don't have a toaster, which is strange.",service,negative,1
"Worse of all, $60 was erroneously added to our $80 bill.",service,negative,1
The staff was knowledgeable and full of personality.,service,positive,3
We were planning to get dessert but the waitress basically through the bill at us before we had a chance to order.,service,negative,1
"Their sake list was extensive, but we were looking for Purple Haze, which wasn't listed but made for us upon request!",service,positive,3
A++   The service was good to excellent along with the attitude.,service,positive,3
"The wait staff is very friendly, if not overly efficient.",service,positive,3
The price is reasonable although the service is poor.,service,negative,1
"The drinks are a saving grace, but service staff, please, get over yourselves.",service,negative,1
The service was excellent and the food was delicious.,service,positive,3
For the next hour and a half we stood in the crowded lobby area of this touristy restaurant listening to all types of explanations of why we were not being seated.,service,negative,1
There is a downside if you're ordering in -- the delivery guys have MAJOR attitude.,service,negative,1
"When we sat, we got great and fast service.",service,positive,3
THe Pizza and wine were excellent-the service too--but what really MADE this place was the backyard dining area.,service,positive,3
"Oh yes, and they lie on the phone, claiming they have seating in the garden, then of course the seats are not available.",service,negative,1
"Saturday, Nov. 6th I had a group from work come in with about 35 people and the staff was amazing to accomodate us.",service,positive,3
The all-Italian staff is warm and engaging from the start.,service,positive,3
Knowledge of the chef and the waitress are below average.,service,negative,1
"The people with carts of food don't understand you because they don't speak English, their job is to give you the delicious food you point at.",service,negative,1
I've overheard comments from him to his employees that should not have been delivered in the dining area and I've been sitting there while he lectured another customer.,service,negative,1
"Besides having the table we had been promised given to other restaurant patrons twice before we were actually seated, we were served dishes we hadn't ordered three times, received one of our orders 20 minutes after the rest of the table had been served (and that order was undercooked), and charged $45 more than we should have been on our bill.",service,negative,1
Great for large groups and celebrations - our SUPER HAPPY waiter was the entertainment of the evening.,service,positive,3
He takes real pride in his food and his business.,service,positive,3
Delivery is fast too.,service,positive,3
We arrived on time for our reservation and seated promptly.The,service,positive,3
"The menu looked good, except for offering the Chilean Sea Bass, but the server does not offer up the specials that were written on the board outside.",service,negative,1
We walked in on a Wednesday night and were seated promptly.,service,positive,3
"Ambience is delightful, service impeccable.",service,positive,3
Regardless of whether there are two people or two hundred people ahead of you the hostess will take your name and tell you Five minutes.,service,positive,3
And it was quick which is very important.,service,positive,3
"The service was superb, they treat you like family.",service,positive,3
Such nice people working here - but I have to review the food.,service,positive,3
They even scoop it out nice (for those on a diet) not too much not to little.,service,positive,3
"The staff was very attentive, the ambience lovely, and the food superb.",service,positive,3
I had been a regular due to the consistently good food and ease of getting a table.,service,positive,3
"Ask for Usha, the nicest bartender in manhattan.",service,positive,3
"We could not catch our waiter's eye, and he ignored us.",service,negative,1
Service was very prompt but slightly rushed.,service,positive,3
"Although the tables may be closely situated, the candle-light, food-quality and service overcompensate.",service,positive,3
My first time there I happened not to like the Crab Croquette apt that i ordered and they were happy to change it for me without making no big deal.,service,positive,3
An excellent service,service,positive,3
"Only drawback - they won't toast your bagel, and they don't make eggs for the bagel.",service,negative,1
"Besides, when you have bad service, that's less money you have to tip.",service,negative,1
"The food came out wrong, the waiter was no where to be found and the wine showed up at the end of the meal.",service,negative,1
"The food was amazing, the service was so attentive and personable, and how about that ambience!",service,positive,3
"The service is friendly, if not the most prompt in the world, the food is great, and the prices, while not cheap, won't put your wallet out of commission.",service,positive,3
"The blond wood decor is very soothing, the premium sake is excellent and the service is great.",service,positive,3
"The owner is very friendly and a great guy, go try his pizza, you'll like it!",service,positive,3
Our server checked on us maybe twice during the entire meal.,service,negative,1
"Service was warm and attentive, beef carpaachio was exellent (huge portion) and pasta was fresh and well-prepared.",service,positive,3
They refuse to seat parties of 3 or more on weekends.,service,negative,1
We had a 3 hour brunch- they definitely do not rush you- and they kept the unlimited mimosas flowing the whole time.,service,positive,3
"The crust is thin, the ingredients are fresh and the staff is friendly.",service,positive,3
Any if you have a reservation you'll wait for max 5 minutes - so have a drink at the bar.,service,positive,3
Quick and friendly service.,service,positive,3
"The service, however, was a bright flower in a garden.",service,positive,3
"Told us to sit anywhere, and when we sat he said the table was reserved.",service,negative,1
"Volare virgins or weekly regulars, everyone gets treated the same and you can't ask for more than that when the service is this friendly.",service,positive,3
I ordered a Lassi and asked 4 times for it but never got it.,service,negative,1
Everyone treats you like you were part of the family.,service,positive,3
"The service was mediocre, and the lack of air conditioning made for a less than comfortable meal.",service,neutral,2
"When he finally did, he was unable to make a gin and tonic -- couldn't find tonic.",service,negative,1
From the moment you enter till the moment you walk out the friendly and helpful staff was was just Fantastic.,service,positive,3
"Decent Thai food in cute - though a bit dank - little Nolita hangout, BUT service terrible.",service,negative,1
"Also, if you don't want to sit at a certain table, you don't have to!",service,positive,3
Service is highly refined: our seating was delayed 35 minutes past our reservation and the maitre d' apologized and regularly kept us apprised of progress.,service,positive,3
You can even get packages of the chutneys to stock your fridge!,service,positive,3
"The food is outstanding and the service is quick, friendly and very professional.",service,positive,3
Service was quick.,service,positive,3
"The waitstaff were attentive, polite and helpful - an impressive feat in such close quarters.",service,positive,3
"NO more reservations, expensive tips and annoying stuff.",service,positive,3
The only thing more wonderful than the food (which is exceptional) is the service.,service,positive,3
I also ordered for delivery and the restaurant forgot half the order.,service,negative,1
"Great service, great food.",service,positive,3
"You rarely have to wait for a seat and the currys (masaman, green, red) are full of flavor and come super spicy if you ask for it.",service,positive,3
The waiters and owners were nonchalant about this and promised to call the exterminator but weren't as dismayed or apologetic as I would have expected.,service,negative,1
"The waitress remembers me and is very friendly, she knows what my regular is and that's the fried mini buns with the condensed milk and the assorted fruits on beancurd.",service,positive,3
"The only positive was the wait staff, which was prompt, knowledgable, and likeable.",service,positive,3
"May, the owner always has a smile on her and will warmly greet you.",service,positive,3
"Service was prompt, friendly and great.",service,positive,3
Waitstaff are very friendly.,service,positive,3
"Took my mom for Mother's Day, and the maitre d' was pretty rude.",service,negative,1
The portions are large and the servers always surprise us with a different starter.,service,positive,3
"The cafe itself was really nice with comfortable outdoor chairs and tables, but the service could have been better.",service,negative,1
"They treat me like family, morning and night.",service,positive,3
Horrible food and Horrible service.,service,negative,1
Both times we waited well over a half hour for a table (even though we had reservations).,service,negative,1
We didn't get drink refills and she didn't even offer us the option of dessert.,service,negative,1
The staff is very attentive and we can almost always get a table.,service,positive,3
"The staff has always been friendly without seeming grating, and the chef has greeted us on a couple of occasions.",service,positive,3
"The only concern i have is with the slighly all-business waitstaff who order and throw the food down, rushing you out.",service,negative,1
"The best part of the experience was knowing that the manager (a bubbly, friendly young woman with a great smile) truly cared about how we were doing.",service,positive,3
Everyone was more then happy with his choices.,service,positive,3
We were also seated promptly at the time of our reservation and the service was very quick and professional.,service,positive,3
The staff is incredibly helpful and attentive.,service,positive,3
Just bring someone who speaks Cantonese because waiter may not understand you.,service,negative,1
"Service could be improved but overall this is a place that understands the importance of little things (the heavy, black, antique-seeming teapot, for one) in the restaurant experience.",service,negative,1
"Cute place, nice wait staff but would never go there again.",service,positive,3
Service- friendly and attentive.,service,positive,3
They all know you.,service,positive,3
"We asked to be moved (which took half an hour), and then were seated in a high traffic area in the back, even though the rest of the room was practically empty.",service,negative,1
Very good service and very good prices.,service,positive,3
The service was excellent and the food was delicious.,service,positive,3
"My host asked for appetizers for the group and the waiter gave us not only what we ordered, but some other items that were not ordered.",service,neutral,2
And at the conclusion of this culinary nightmare the check was given to our table by knocking over a glass of water.,service,negative,1
"Over the years the host, Vittorio, and his crew, have always treated me as family--although with all the business this not-so-little gem does, it amazing he's even able to remember a consistent but not-so-frequent visitor.",service,positive,3
Highly recommend this as great value for excellent sushi and service.,service,positive,3
The staff is no nonsense.,service,positive,3
"It only took about five or so minutes to get an empty table, but standing up wasn't too bad.",service,positive,3
In reality (to maximize potential diners) they were still taking phone reservations and reallocating tables of those waiting in the lobby.,service,negative,1
Nicky the Nose at the bar is a treat.,service,positive,3
Our server was very helpful and friendly.,service,positive,3
The service is fine and they allow you to enjoy the view.,service,positive,3
Service was prompt and courteous.,service,positive,3
less wait time for me!,service,positive,3
The food was delicious and the waiter was incredibly helpful and attentive (considering we were the only ones there for the first hour).,service,positive,3
"I found the food, service and value exceptional everytime I have been there.",service,positive,3
The people that work there are always so friendly you forget you are in New York sometimes.,service,positive,3
"Most of the servers are very attentive, friendly and quite attractive.",service,positive,3
"Yet paired with such rude service, would never recommend for anyone interested in carrying any kind of conversation while there.",service,negative,1
The prices were CHEAP compared to the quality of service and food.,service,positive,3
We did have to wait at the bar for approx.,service,negative,1
"Some of the workers ignore me and talk to the female customers, other times, they've skipped my order.",service,negative,1
Service was very friendly.,service,positive,3
We were pleasantly greeted.,service,positive,3
"Solid wine list, knowledgeable staff, friendly owners and an adventurous, ever-changing menu keep us coming back.",service,positive,3
The waitresses are nice--also you can just get counter service sit.,service,positive,3
"Two people in our party felt like something else, and Volare immediately obliged with two great dishes that were not in their regular menu.",service,positive,3
And I would have to agree with the masses in terms of service - delivery is their Achilles' heel.,service,negative,1
"If you go to Roth's try to be served by Mike, he is GREAT!!",service,positive,3
"They are not helpful in the least and will give you the grand run around so by the time the event date rolls around you will not only regret chosing this place, but also become hostile!",service,negative,1
The service is outstanding and my crab-cake eggs benedict could not have been better.,service,positive,3
"After the main course came, we didn't see our waiter for at least 40 MINUTES!",service,negative,1
All conveniently delivered right to the door.,service,positive,3
"Our waitress was sweet and accomodating, not overbearing.",service,positive,3
"First, the waiter who served us neglected to fill us in on the specials, which I would have chosen had I known about them.",service,negative,1
We even had a visit from the Manager who wanted to make sure we were enjoying ourselves.,service,positive,3
As we were sitting eating the subpar food the manager proceeded to berate a couple of his employees for putting out the wrong containers for condiments and explained to them how expensive these containers were.,service,negative,1
The restaurant is rather small but we were lucky to get a table quickly.,service,positive,3
"After complaining about the chicken dish, the manager came over to tell us that, no one had ever complained before, and that we just didn't know what the dish was supposed to taste like.",service,negative,1
"I had a terrific meal, and our server guided us toward a very nice wine in our price range, instead of allowing us to purchase a similarly priced wine that wasn't as good.",service,positive,3
"They might be all business at the counter when you give your order, but their food says I love you.",service,negative,1
Winnie and her staff are the best crew you can find serving you.,service,positive,3
"The service is always bad though, don't expect much of anything from your server, and I would not recommend bringing a date here either.",service,negative,1
"service is friendly, and never had a problem walking in and getting a table.",service,positive,3
"Emilio, the owner, is often sitting in the front table greeting guests as they come and go.",service,positive,3
"Only complaint would be that at an average cost of $12-$15 per meal, I'd like not to have to worry about finding a seat!",service,negative,1
"A gentleman, maybe the manager, came to our table, and without so much as a smile or greeting asked for our order.",service,negative,1
Food and service was okay.,service,neutral,2
The service is awful--the last time I was there (and I do mean the last time) we were told that they needed our table so we would have to leave.,service,negative,1
"When asked about how a certain dish was prepared in comparison to a similar at other thai restaurants, he replied this is not Mcdonald's, every place makes things differently While it is understandable that every place is indeed different, there was not a need to be uncourteous to customers and downright rude.",service,negative,1
"Whem asked, we had to ask more detailed questions so that we knew what the specials were.",service,negative,1
The service was friendly and the atmosphere was casual.,service,positive,3
They showed up 15 minutes after the tuna melt.,service,negative,1
"Service was very good - prompt, attentive and non-intrusive.",service,positive,3
"Terrible, terrible management - deserves to be shut-down.",service,negative,1
"Note that they do not serve beer, you must bring your own.",service,negative,1
There is no excuse for such lousy service!,service,negative,1
I am relatively new to the area and tried Pick a bgel on 2nd and was disappointed with the service and I thought the food was overated and on the pricey side.,service,negative,1
"And, atlhough tables opened up next to us and we ASKED for a slightly larger space, they left us awkardly seated.",service,negative,1
"Everything is always cooked to perfection, the service is excellent, the decor cool and understated.",service,positive,3
"they did give a 15% discount at the end, wasn't enough, as they knew the service was horrible.",service,negative,1
The service is awful.,service,negative,1
"The service was excellent, the food was excellent, but the entire experience was very cool.",service,positive,3
A little crowded but they move that line really fast!,service,positive,3
"not the food ,not the ambiance , not the service, I agree with the previous reviews you wait and wait , the wait staff are very rude and when you get in they are looking to get you right out .",service,negative,1
We were a group of 8 and well seved.,service,positive,3
The service was ok.,service,neutral,2
I was here a few weeks back and we had the worst customer service experience at a restaurant ever.,service,negative,1
"Service was excellent, and the AC worked very well too (thank God, it was hot!).",service,positive,3
"Both are delicious, the cooks are friendly and are willing to take a moment and speak to you and shake your hand.",service,positive,3
"The whole set up is truly unprofessional and I wish Cafe Noir would get some good staff, because despite the current one this is a great place.",service,negative,1
The food was well prepared and the service impecable.,service,positive,3
"they didn't disappoint, service from the second i arrived at the door was extremely pleasant and attentive with almost one server per table.",service,positive,3
"The food was delicious (I had a halibut special, my husband had steak), and the service was top-notch.",service,positive,3
"And Kruno, the beverage manager is the best bartender I have yet to come across.",service,positive,3
We were treated with attitude ever since the moment we stepped into the restaurant!,service,negative,1
Truly the mark of an attentive waiter.,service,positive,3
"The food here is rather good, but only if you like to wait for it.",service,negative,1
They are often crowded on the weekends but they are efficient and accurate with their service.,service,positive,3
It took them 15 minutes to put water in our glasses.,service,negative,1
I think the stuff was better than Disney.,service,positive,3
It took them 25 minutes to bring our appetizer.,service,negative,1
Friendly staff that actually lets you enjoy your meal and the company you're with.,service,positive,3
"They're rude at times, and not very friendly.",service,negative,1
"When we notified him that he didn't mention the specials, he didn't apologize but let us know that we made a very good decision regardless.",service,negative,1
"The service was attentive, yet unimposing, the food was far better than many notorious restaurants in Midtown and the wine list is extensive and well priced.",service,positive,3
The table next to us asked if he crushed the grapes himself when their long overdue bottle of wine finally arrived.,service,negative,1
"The staff makes you feel at home, the food is great and the atmosphere is WONDERFUL!",service,positive,3
Great Indian food and the service is incredible.,service,positive,3
"Also, don't plan on asking for your favorite roll, if it's not on the menu, you can't have it.",service,negative,1
The pizza is delicious and the proprietor is one of the nicest in NYC.,service,positive,3
The staff was too busy ordering sushi for dinner and then laying it out to eat on the bar to even bring me my check.,service,negative,1
The food itself was just ok - nothing spectacular - but the service was awful.,service,negative,1
Obviously run by folks who know a pie.,service,positive,3
I have been coming here for years and have nothing but good things to say about the service and the great staff at La Lanterna.,service,positive,3
Service has always been friendly and efficient.,service,positive,3
"Not only was the food outstanding, but the little 'perks' were great.",service,positive,3
"Yes, there might be a wait if you have no reservations.",service,negative,1
"The service was attentive, yet discreet.",service,positive,3
"Then, IF they answer the phone, you're lucky if they don't hang up on you!",service,negative,1
"Last time I went here, the waitress didn't come back after taking our order.",service,negative,1
"Both times I was extremely dissappointed by the service, which was boarderline rude.",service,negative,1
I had to ask her three times before she finally came back with the dish Ive requested.,service,negative,1
The hostess and the waitress were incredibly rude and did everything they could to rush us out.,service,negative,1
They were very abrupt with me when I called and actually claimed the food was late because they were out of rice.,service,negative,1
"Great food, great decor, great service.",service,positive,3
"The environment is romantic, but the food is horrible, the service is pathetic, and gabriella lies about everything she could.",service,negative,1
Service was very good and warm.,service,positive,3
The food was mediocre at best but it was the horrible service that made me vow never to go back.,service,negative,1
The only thing the waiters don't do for you is wipe your chin when you leave.,service,positive,3
"Good, fast service.",service,positive,3
"The kitchen however, is almost always slow.",service,negative,1
service was efficient courteous.,service,positive,3
"The service, wine selection, ambiance are all outstanding and deserve recognition.",service,positive,3
"night without a reservation, we had to wait at the bar for a little while, but the manager was so nice and made our wait a great experience.",service,positive,3
"The atmosphere is unheralded, the service impecible, and the food magnificant.",service,positive,3
"Over time, the food quality has decreased substantially, it is a lot less crowded than it used to, and the service must definitely be part of the reason.",service,negative,1
"Once you become a regular, you are treated as one.",service,positive,3
"Pizza and garlic knots are great as well, I order from them quite often and the delivery is always super quick!",service,positive,3
Drawbacks: service is slow and they don't toast!,service,negative,1
The service was attentive without being overbearing and each dish we tried was wonderful from the spring rolls to the cod with pineapple tempura.,service,positive,3
"You don't go to Mizu for excellent service, you go for the large amounts of food, the amiable atmosphere, and the hole-in-the-wall feeling of the place.",service,negative,1
"Staffs are not that friendly, but the taste covers all.",service,negative,1
"During the course of the past 3 months, the chef and staff changed and it was not for the better.",service,negative,1
Fast service.,service,positive,3
"From the spectacular caviar to the hospitable waitstaff, I felt like royalty and enjoyed every second of it.",service,positive,3
"Waitstaff is great, very attentive.",service,positive,3
"Service is great, takeout is good too.",service,positive,3
"The food arrived 20 minutes after I called, cold and soggy.",service,negative,1
I've always been seated propmtly.,service,positive,3
Service is fast and friendly.,service,positive,3
Okay service.,service,neutral,2
"The service was typical short-order, dinner type.",service,neutral,2
"The ambience was nice, but service wasn't so great.",service,negative,1
The servers give you some sample slices of your order while you wait (shortly I might add).,service,positive,3
"Aside from the rushed service, we were very impressed with the food and the drinks.",service,negative,1
Always great service!,service,positive,3
"The wait staff is friendly, and the food has gotten better and better!",service,positive,3
"Otherwise, this place has great service and prices and a nice friendly atmosphere.",service,positive,3
"When my dessert came, there was a candle in it - not because anyone asked for one - but because the waiter must have seen me opening my birthday card and gift, and said he knew it was a special occassion of some sort.",service,positive,3
"We were worried we would have trouble getting in, but somehow managed to have a short wait.",service,positive,3
The service is not consistently excellent -- just decent.,service,neutral,2
"Had we been stalling I could understand where they were coming from, but we had been there less than an hour and they hadn't even brought us a check yet!",service,negative,1
The food always tastes fresh and served promptly.,service,positive,3
Some servers make you feel like they are doing you a favor to bring you the food.,service,negative,1
"The svc can be a bit rude at times, esp if you have big group, but overall the restaurant is a must!",service,negative,1
"First off, the waitress was completely unattentive the 2 times we saw her(odd in a restaurant with 6 tables) and got our order wrong.",service,negative,1
"The chicken pot pie is excpetiona, the cheeseburger huge and delictable, and the service professional wan warm.",service,positive,3
One thing I liked about this place is that I never felt rushed or pressured to give up my table ot incoming guests.,service,positive,3
I've waited over one hour for food.,service,negative,1
I had been searching really hard for a restaurant in New York where I could really feel unwanted and ignored and I finally found it!,service,negative,1
"Nice atmosphere, the service was very pleasant and the desert was good.",service,positive,3
Overall A oh ya even though there is waiting it is deff worth it,service,negative,1
Went there with my wife and we had to wait for a table even though you could see there many that were empty with not reservation sigh on them.,service,negative,1
The only disappointment was the coat check girls who didn't seem to know what a customer is on a realtively non-busy night (for the coat check girls).,service,negative,1
This was my frist time at Cafe St. Bart's and I must say how delicous the food and the service was.,service,positive,3
"During our meal, the management came over and checked on us and even bought us a round of drinks.",service,positive,3
"The signs, the specials menus, food, and even all the waitstaff are ALL TOTALLY Japanese.",service,positive,3
"They are still living in the dark ages and do not have an answering machine, so if you want to make a reservation you are limited.",service,negative,1
"i know, you were too busy showing off your vintage tee shirt and looking bored, but my agenda is i'm here to eat and enjoy the company of friends, seeking a pleasant experience.",service,negative,1
"Even though the restaurant was packed, we were seated promptly and even asked for a table upstairs with no problems.",service,positive,3
"The staff is very kind and well trained, they're fast, they are always prompt to jump behind the bar and fix drinks, they know details of every item in the menu and make excelent recomendations.",service,positive,3
This place has the the correct ambience and an excellent staff to make you feel like a guest and a friend at the same time.,service,positive,3
"Drinks got screwed up, she acted put upon.",service,negative,1
"From the terrible service, to the bland food, not to mention the unaccommodating managers, the overall experience was horrible.",service,negative,1
Hurley's is like Cheers where everyone knows your name and they are ACTUALLY glad you came.,service,positive,3
And they provided a delicious dessert on the house!,service,positive,3
It takes forever to get a drink and they almost always forget to bring something (although they dont forget to charge you for it.,service,negative,1
"We have been to this place many times, and always have great food, wine, and service.",service,positive,3
"After all that, they complained to me about the small tip.",service,negative,1
Bartender was unable to tear himself away from friends at bar.,service,negative,1
Our first greeting when we entered was The last call is at 10:15.,service,negative,1
"Everyone I have spoken too there is super friendly, helpful, and willing to the extra mile for a customer.",service,positive,3
This is a great Thai restaurant with a very friendly staff.,service,positive,3
The main downside to the place is the nazi-like guy running it who constantly complains about the noise level.,service,negative,1
No one asked what was wrong as we left with nothing touched on our plates.,service,negative,1
They wouldnt even let me finish my glass of wine before offering another.,service,positive,3
After my 3rd time the manager remembered me and treated me like an usual customer.,service,positive,3
"We only ordered desserts and drinks, but no refills were offered.",service,negative,1
The service was attentive.,service,positive,3
"Found service above average, but that could be because we were 13 of us.",service,positive,3
Service is average.,service,neutral,2
"Have always found that the waiters will go out of their way to be helpful, despite the fact they are often busy with lots of diners.",service,positive,3
Won't or Can't is not in the service directory.,service,positive,3
We visited Bread Bar during January restaurant week and were so pleased with the menu selections and service.,service,positive,3
"Kind, attentive wait staff.",service,positive,3
The service was excellent - friendly and attentive.,service,positive,3
like saying her bread comes from a special bakery when we have seen her buying it dowtown manhathan.,service,negative,1
"The food is wonderful, tasty and filling, and the service is professional and friendly.",service,positive,3
"After 2 tries by the waiter to take it away (we hadn't even looked at it yet, we had full beers yet to drink), the manager approached and told us they needed the table for people with reservations.",service,negative,1
"The wait staff is very freindly, they make it feel like you're eating in a freindly little european town.",service,positive,3
The food was great and the service was even better.,service,positive,3
"Waiters tend to forget drinks completely, food portions are so tiny, two people have trouble sharing one entree.",service,negative,1
"Meanwhile, the bartender continued to pour champagne from his reserve after we had finished our bottle and we enjoyed an amuse of turnip soup with pureed basil, gratis.",service,positive,3
"Great bar, most gorgeous bartenders you've ever seen (specifically the blond lady).",service,positive,3
Everyone is welcomed in as family.,service,positive,3
The food there is so good that even to order out the wait is incredible.,service,negative,1
You are treated just like royality.,service,positive,3
"The food is consistently wonderful - I've been coming here for years, and the owner has always been accomodating and friendly.",service,positive,3
"The staff was accomodating, the food was absolutely delicious and the place is lovely.",service,positive,3
The wine the service was very good too.,service,positive,3
"When he's not making authentic Neapolitan pizza in the open brick oven or lightly frying zucchini blossoms, he's visiting the regulars (a growing legion) and checking on newcomers.",service,positive,3
Ive asked a cart attendant for a lotus leaf wrapped rice and she replied back rice and just walked away.,service,negative,1
We ran a little late for the reservation but it wasn't a problem to get our table immediately.,service,positive,3
"We didn't even see a menu, as our waiter described both the specials and the main dishes.",service,positive,3
Ive been here a bunch of times now and the service is always outstanding.,service,positive,3
"Service here was great, food was fantastic.",service,positive,3
When we were finally seated our waitress came by twice-1 for our order and 2-for our check.,service,negative,1
Our agreed favorite is the orrechiete with sausage and chicken (usually the waiters are kind enough to split the dish in half so you get to sample both meats).,service,positive,3
This is my first time writing a review for a restaurant because the food and service was excellent.,service,positive,3
we came here on a crowded saturday night and were seated right away despite being 15 minutes late for our reservation.,service,positive,3
"Great food, good size menu, great service and an unpretensious setting.",service,positive,3
Add to that great service and great food at a reasonable price and you have yourself the beginning of a great evening.,service,positive,3
"however, it's the service that leaves a bad taste in my mouth.",service,negative,1
Deliveries often take up to an hour and the prices are higher than most other pizzerias in the area.,service,negative,1
The service was attentive and her suggestions of menu items was right on the mark.,service,positive,3
"Nha Trang, while being notorious for utter lack of comfort and decor, horribly slow wait staff and horribly quick meals, is one of the best vietnamese restaurants i've ever been to. the pho is delicious and comes with very fresh vegtables.",service,negative,1
The bartender on my most recent visit was so incredibly rude that I will never go back.,service,negative,1
"We had great desserts (including the best cannoli I've ever had) and then they offered an after dinner drink, on the house.",service,positive,3
"Super friendly and knowledgable staff, fabulous bistro fare and a wonderful jazz brunch with great live jazz (the chilaquiles were awesome!",service,positive,3
"To my right, the hostess stood over a busboy and hissed rapido, rapido as he tried to clear and re-set a table for six.",service,negative,1
You have to increase the service a lot.,service,negative,1
"(food was delivered by a busboy, not waiter) We got no cheese offered for the pasta, our water and wine glasses remained EMPTY our entire meal, when we would have easily spent another $20 on wine.",service,negative,1
"good music, great food, speedy service affordable prices.",service,positive,3
"And the staff is also young, energeic and hot!!!!",service,positive,3
The counter service is bad.,service,negative,1
"The food was amazing, and the service was prompt and helpful, but not over-bearing or rushed.",service,positive,3
"Fabulous service, fantastic food, and a chilled out atmosphere and environment.",service,positive,3
(and I have eaten my share) Which impresses me for having such a large amount of people to serve.,service,positive,3
"The staff are attentive, and have smiles on their faces.",service,positive,3
And their prices are very high - they actually think that they can get away with charging such prices for such terrible food and service!,service,negative,1
The food is delicious and beautifully prepared along with the friendly and personable service.,service,positive,3
"Since it literally is a complete hole in the wall, it's a bit intimidating at first, but you get over that very quickly as soon as the friendly staff welcomes you - don't hesitate to ask for help with what to get.",service,positive,3
"Orsay, is a very pleasnt throw back to traditional French food, and French service as well.",service,positive,3
The staff is courteous and friendly.,service,positive,3
The waiters were not attentive except that the bill turned up on the table before we were finished.,service,negative,1
They never came back to refill our glasses again.,service,negative,1
"The service was impeccable and unobtrusive -- the staff knows what they are there to do -- to know their menu, present your meal, and attend to your needs.",service,positive,3
The service is fantastic.,service,positive,3
The food and staff always surprise me with the new heights they are taken to.,service,positive,3
"We live in New Jersey and whenever we go into New York City we buy bagels to eat hot and then to freeze (they told me that if I call in the order, they'd bring it out to the car so I wouldn't have to look for parking).",service,positive,3
I've never been treated so rudely.,service,negative,1
"Last memorial day, I tried to make reservations but was told they were closed that weekend (interesting, but...).",service,negative,1
The manager claimed that he could not compensate us for anything on the bill which just shows the lack of sophistication from the entire group.,service,negative,1
"Everything, from the soft bread, soggy salad, and 50 minute wait time, with an incredibly rude service to deliver below average food.",service,negative,1
"First the wrong bread came out with the appetizer, then when i tried to order a second glass of wine for my main course...",service,negative,1
"We couldn't carry our conversation as we were routinely interrupted by waitress and servants asking us to order and hinting that we're taking too much time -- amazing, we just sat down.",service,negative,1
The place is a BISTRO which means: simple dishes and wine served efficiently in a bustling atmosphere.,service,positive,3
It was rather pathetic that it took them over an hour to seat us.,service,negative,1
"Got club soda, filled with ice, no lime.",service,negative,1
"The sushi has been from average to below average, the wait service has always been sub-par the atmosphere goes from nice to really irritating (if you sit in the area beyond the kitchen, the acousitcs are horrid, everything echoes is extremely loud).",service,negative,1
It was like the servers forgot that they actually worked there and instead wanted to hang out and be cool.,service,negative,1
The staff there is very attentive and down to earth.,service,positive,3
"We, there were four of us, arrived at noon - the place was empty - and the staff acted like we were imposing on them and they were very rude.",service,negative,1
The takeout is great too since they give high quality tupperware as well.,service,positive,3
Kenny the owner is always there and he treats my family like we are part of his family.,service,positive,3
Why make a reservation if you aren't going to keep it?,service,negative,1
"The most annoying thing, though, is the fact that the servers seem to be trained to drive revenue.",service,negative,1
"Nobody at this restaurant will give firm answers about anything and in the end, not one person takes responsibility for anything.",service,negative,1
"While the ambiance and atmosphere were great, the food and service could have been a lot better.",service,negative,1
The hostess is rude to the point of being offensive.,service,negative,1
Service was also very good.,service,positive,3
Staff is very accomodating.,service,positive,3
This place would be so much better served by being run by a group that actually understands customer service.,service,negative,1
"Great food (spinach and corn dumplings and massamman curry), very friendly and no nonsense service and a clean and funky bathroom.",service,positive,3
"We have never had any problems with charging the meal or the tip, and the food was delivered quickly, but we live only a few minutes walk from them.",service,positive,3
"Upon entering, we were greeted by the owners, Steven and Frederick, who went out of their way to be more than gracious hosts.",service,positive,3
The entire place and the treatment we received felt as a conveyor belt.,service,negative,1
We went around 9:30 on a Friday and it had died down a bit by then so the service was great!,service,positive,3
Food was good not great not worth the wait or another visit,service,negative,1
"The service was bad, the food took to forever to come, we sat on the upper level.",service,negative,1
"we did notice however, that some tables had what looked like pita instead of naan.",service,negative,1
"Service was devine, oysters where a sensual as they come, and the price can't be beat!!!",service,positive,3
A restaurant that doesn't try to do anything except serve great food with great service in a pleasant atmosphere.,service,positive,3
"His wife Tanya, the hostess, completes the comforting atmosphere by being delightfully warm and gracious.",service,positive,3
Service and food is what any one would expect when spending that type of money.,service,neutral,2
"But when you are seated the waitresses are great, they explain everything on the menu, and the price of the food is really cheap for the service you get.",service,positive,3
The owners and employees are friendly and their pizza is fantastic.,service,positive,3
"The service was poor, restaurant poorly lit, staff not very attentive and I would have rather eaten at a Mcdonald's than this joint.",service,negative,1
Our friendly server made great food suggestions and also sent both the sommelier and the fromager to the table to help suggest different pairings for wine and cheese.,service,positive,3
"A very inviting restaurant, with friendly service.",service,positive,3
While the food was good (certainly no Il Mulino) the service was horrendous.,service,negative,1
"One would think we'd get an apology or complimentary drinks - instead, we got a snobby waiter wouldn't even take our order for 15 minutes and gave us lip when we asked him to do so.",service,negative,1
But who says Murray's is anything about service.,service,neutral,2
"Thalia is a beautiful restaurant with beautiful people serving you, but the food doesn't quite match up.",service,positive,3
The staff ignored my friends and I the entire time we were there.,service,negative,1
"If you don't mind pre-sliced low quality fish, unfriendly staff and a sushi chef that looks like he is miserable then this is your place.",service,negative,1
The staff was the friendliest that have seen in New York.,service,positive,3
The service is descent even when this small place is packed.,service,positive,3
"Whenever you need a Sushi fix, Mizu will be there with quality fish and great service.",service,positive,3
I cannot imagine a friendlier staff working in a restaurant.,service,positive,3
We both opted for a pasta dish and they were served timely and fresh.,service,positive,3
I was back-to-back with the diner at the table behind me and wait staff had to hoist trays over our heads as they squeezed past us again and again.,service,negative,1
All we received was an apology as we left to see our show without dinner.,service,negative,1
He offers subpar service and has no personality.,service,negative,1
"Plus, when our entrees were held up in the kitchen on a busy Saturday night, the owner sent over complimentary summer rolls to hold us over!",service,positive,3
Although they do the typical what kind of water would you like questions the service was good and overall very relaxing to place to eat.,service,positive,3
"The food, drinks and service are clearly among the best in the city.",service,positive,3
sometimes i get good food and ok service.,service,neutral,2
Where Gabriela personaly greets you and recommends you what to eat.,service,positive,3
"It's really also the service, is good and the waiters are friendly.",service,positive,3
"Service is extraordinary, yet not overbearing, and the decor brings a taste of trendy SoHo into Queens.",service,positive,3
"If presentation and service is your thing, then this magic show works.",service,positive,3
"For the people who want great food plus great service, Roxy is a place to AVOID!",service,negative,1
"Maybe I say so because it looked promising for people who like artery-clogging jewish deli food, but turns out to be poorly run and awful.",service,negative,1
Delivery service is great too.,service,positive,3
"Great friendly service, Fast seating, Fast Delivery, Excellent sushi.",service,positive,3
"If it isn't for the food (A+++), it must be the service or the ambience.",service,positive,3
The service is a little scatty at times but all is forgiven when the food arrives.,service,negative,1
"Yeah, sometimes the service can be slow.",service,negative,1
We had a party in their private room and they made it truly memorable and were very helpful in the planning.,service,positive,3
I recieved prompt service with a smile.,service,positive,3
"The wait staff is pleasant, fun, and for the most part gorgeous (in the wonderful aesthetic beautification way, not in that she's-way-cuter-than-me-that-b@#$* way).",service,positive,3
"We laughed when he finally offered us a dessert menu and we left a 10 percent tip, which was generous, I feel.",service,negative,1
They are FAST.,service,positive,3
"Again, the waitress was awesome.",service,positive,3
"While we enjoyed the food, we were highly disappointed by the poor service (waiter was not quite competent and SLOW service) and lack of remorse.",service,negative,1
"They forgot a sandwich, didn't include plastic forks, and didn't include pita with the hummus platter.",service,negative,1
"I highly recommend Cafe St. Bart's for their food, the ambience and wonderful service.",service,positive,3
"Great food, great lay out and awesome service.",service,positive,3
The food is so cheap and the waiters are nice.,service,positive,3
"The staff has always been attentive and kind, and I've always been amazed at how they've handled all the various different group sizes that come in.",service,positive,3
While I'm not sure that this happens all the time-this is the kind of treatment that buys repeat business!,service,positive,3
The service is good and the resturant is clean.,service,positive,3
From the moment we walked in they were more than accomodating even though the place was packed.,service,positive,3
"Haru serves very fresh fish, has a trendy, modern ambiance, prime location on Park Avenue South and friendly service.",service,positive,3
The waiter was attentive.,service,positive,3
"The one up front will smile and say What can I get for you, brother?",service,neutral,2
"The place is small and intimate and you may feel a little crowded, but the service is excellent and it's great for friends out, a romantic date, or a special occassion.",service,positive,3
"When family came in he gave them apps to test their palets, and then ordered for them.",service,neutral,2
The service was great as well.,service,positive,3
"I like Cafe Noir dont get me wrong, it is jsut that the people who work there are evil and incompetent!!",service,negative,1
"The vibe is very relaxed and cozy, service was great and the food was excellent!",service,positive,3
Great pizza and fantastic service.,service,positive,3
The Waitstaff were very nice and suggested swordfish for my husband he enjoyed his meal.,service,positive,3
The ambience is authentic and relaxing and we have always received attentive and prompt service.,service,positive,3
Even after they overcharged me the last time I was there.,service,negative,1
They didn't give us the dinner special until we asked for it.,service,negative,1
"If I could rate the people this place would be off the charts - unfortunately - the pizza, sorry - not the best in NYC.",service,positive,3
"They brought glasses and the bottle, and just left the bottle at our table.",service,negative,1
"The portions are now very small, the sauces are overly-ambitious usually inedible while the service is still good, the restaurant, due to its popularity, seems frantic.",service,positive,3
The only problem is that the manager is a complete incompetent.,service,negative,1
"If you're craving for Haru's great food, especially the House Roll, but can't stand the wait building outisde, head across the street to their Sake Bar!",service,negative,1
Total hipster-wannabe attitude in an otherwise sweet spot.,service,negative,1
"The service was terrible, we had to wait for everything and ask several of different people for the same thing before we were allowed to be served.",service,negative,1
Go to Volare for 1st class service and terrific food.,service,positive,3
"However, service was as plain as sesame crusted Salmon I had.",service,neutral,2
It's easy to get a table for a large group and you don't get hustled out.,service,positive,3
"Sure enough, exactly 30 minutes later we got the call and were seated promptly.",service,positive,3
But the staff was so horrible to us.,service,negative,1
I highly recommend Caviar Russe to anyone who wants delicious top grade caviar and fantastic service.,service,positive,3
"Interesting selection, good wines, service fine, fun decor.",service,positive,3
Much of the time it seems like they do not care about you.,service,negative,1
"They have it all -- great price, food, and service.",service,positive,3
"I understand the area and folks you need not come here for the romantic, alluring ambiance or the five star service featuring a sommlier and a complicated maze of captain and back waiters - you come for the authentic foods, the tastes, the experiance.",service,positive,3
Wait staff is blantently unappreciative of your business but its the best pie on the UWS!,service,negative,1
"It's a shame that a nice, convenient place like the Pink Pony can be so ruined by lousy service.",service,negative,1
We were well attended to by the enthusiastic staff especially the manager Tony Gaskin who made excellent suggestions for our menu selections.,service,positive,3
Has the chef and owner changed???,service,neutral,2
"Like others have said, don't expect the restaurant to make a nite out romantic for you and yes, a busy restaurant may require you to wait.",service,negative,1
"From the incredible food, to the warm atmosphere, to the friendly service, this downtown neighborhood spot doesn't miss a beat.",service,positive,3
Faan's got a great concept but a little rough on the delivery.,service,negative,1
"With so many good restaurants on the UWS, I don't need overpriced food, absurdly arrogant wait-staff who don't recognize they work at a glorified diner, clumsy service, and management that doesn't care.",service,negative,1
"The second you walk through the heavy vault like door, with people anticipating your arrival you get the sense that you are going to have the dining ride of a lifetime.",service,positive,3
The waitress suggested glasses of wine that went very well with the food.,service,positive,3
Our waiter and all of the people helping him were attentive and genuine.,service,positive,3
"Delicious food, excellent service, and a pretty atmosphere make this a great choice for dinner and the $5.99 lunch buffet makes it an even better choice for lunch!",service,positive,3
She gets 10 for her excellent service and advice.,service,positive,3
"Nice ambiance, nice little bar, good bartender, Francois, and good service.",service,positive,3
The waitress was very patient with us and the food is phenomenal!,service,positive,3
Until you realize that their five minutes is meaningless and your wait may be anywhere from two to twenty minutes it may be frustrating.,service,negative,1
We were told that they were booked solid and no other table was available.,service,negative,1
The waiter actually poured water on my hand and walked away.,service,negative,1
"We had reservations at 9pm, but was not seated until 10:15pm.",service,negative,1
they bring service up a notch by offerng complementary amuse bouche to all tables and gave us a small dessert for our celebration.,service,positive,3
"We actually gave 10% tip (which we have never done despite mediocre food and service), because we felt totally ripped off.",service,neutral,2
